{
  "name": "ReadyMail",
  "version": "0.3.6",
  "keywords": "communication, email, imap, smtp, esp32, esp8266, samd, arduino",
  "description": "The fast and lightweight async Email client library for Arduino.",
  "repository": {
    "type": "git",
    "url": "https://github.com/mobizt/ReadyMail.git"
  },
  "authors": [{
    "name": "Mobizt",
    "email": "suwatchai@outlook.com"
  }],
  "frameworks": "arduino",
  "platforms": "espressif32, espressif8266, atmelsam, ststm32, teensy, rp2040, renesas-ra"
}
